iter	Logloss
0	0.6837709745
1	0.6756621997
2	0.6659611066
